{"NFFT": 512, "HR": 1.34765625, "V_freq": 0.26953125, "FreqIndex": [2, 3, 6, 7, 8, 9, 10, 11, 12, 13, 14, 15, 16, 17, 18, 19, 20, 21, 22, 23, 24, 25, 26, 29, 30, 31, 32, 35, 36, 37, 39, 40, 41, 42, 43, 44, 45, 46, 47, 48, 49, 50, 51, 52, 53, 54, 55, 56, 57, 58, 59, 62, 63, 64, 68, 69, 70, 73, 74, 75, 76, 77, 78, 79, 80, 81, 82, 83, 84, 85, 86, 88, 89, 90, 91, 92, 94, 95, 96, 97, 102, 103, 106, 107, 108, 109, 110, 111, 112, 113, 114, 115, 116, 117, 118, 119, 120, 121, 123, 124, 129, 130, 134, 139, 141, 142, 143, 144, 145, 146, 147, 148, 149, 150, 151, 152, 153, 158, 161, 162, 167, 168, 173, 174, 175, 176, 177, 178, 179, 180, 181, 182, 183, 184, 185, 186, 188, 189, 192, 194, 195, 196, 200, 201, 206, 207, 208, 209, 210, 211, 212, 213, 214, 215, 216, 217, 218, 220, 221, 222, 223, 224, 225, 227, 229, 233, 234, 239, 240, 241, 242, 243, 244, 245, 246, 247, 248, 249, 250, 251, 254, 255, 256, 257, 258, 262, 267, 274, 275, 276, 277, 278, 279, 280, 281, 282, 283, 284, 286, 287, 288, 289, 290, 294, 295, 300, 305, 308, 309, 310, 311, 312, 313, 314, 315, 316, 317, 319, 320, 321, 322, 323, 326, 327, 328, 333, 339, 342, 343, 344, 345, 346, 347, 349, 350, 351, 352, 353, 354, 355, 360, 372, 373, 375, 376, 377, 378, 379, 380, 381, 382, 383, 384, 385, 386, 387, 393, 406, 407, 408, 409, 411, 412, 413, 414, 415, 416, 417, 418, 419, 421, 438, 439, 440, 441, 442, 443, 444, 445, 446, 447, 448, 449, 450, 451, 452, 453, 454, 471, 472, 473, 474, 476, 477, 478, 479, 480, 481, 482, 483, 484, 485, 486, 487, 492, 504, 505, 506, 508, 509, 510, 511, 512, 513, 514, 515, 516, 517, 518, 519, 531, 536, 537, 538, 539, 540, 541, 542, 543, 544, 545, 546, 547, 548, 549, 550, 551, 558, 564, 569, 570, 571, 572, 573, 574, 575, 576, 577, 578, 579, 580, 581, 582, 583, 584, 597, 602, 603, 604, 605, 606, 607, 608, 609, 610, 611, 612, 613, 614, 615, 624, 630, 634, 635, 636, 637, 638, 639, 640, 642, 643, 644, 645, 646, 647, 648, 649, 657, 662, 663, 668, 669, 670, 671, 672, 673, 674, 675, 676, 677, 678, 679, 680, 681, 682, 683, 684, 691, 696, 699, 700, 701, 702, 703, 704, 705, 706, 707, 708, 709, 710, 711, 712, 713, 714, 715, 716, 717, 718, 723, 728, 729, 730, 733, 734, 735, 736, 737, 738, 739, 740, 741, 742, 743, 744, 745, 746, 747, 748, 749, 750, 756, 761, 762, 765, 766, 767, 768, 769, 770, 771, 772, 773, 774, 775, 776, 777, 778, 779, 780, 781, 782, 783, 784, 789, 794, 795, 798, 799, 800, 801, 802, 805, 806, 807, 808, 809, 810, 811, 812, 813, 814, 815, 816, 822, 823, 827, 828, 829, 831, 832, 833, 834, 837, 838, 839, 840, 841, 842, 843, 844, 845, 846, 847, 848, 849, 850, 851, 854, 855, 856, 859, 860, 861, 862, 865, 866, 867, 871, 872, 873, 875, 877, 878, 879, 880, 881, 882, 883, 884, 888, 889, 890, 893, 898, 899, 901, 904, 907, 908, 910, 911, 912, 913, 914, 915, 916, 917, 918, 921, 922, 926, 927, 928, 934, 935, 936, 937, 939, 940, 941, 942, 943, 944, 945, 946, 947, 948, 949, 950, 951, 953, 954, 955, 959, 960, 961, 966, 967, 968, 969, 971, 972, 973, 974, 975, 976, 977, 978, 979, 980, 981, 982, 983, 984, 986, 988, 993, 994, 997, 998, 999, 1000, 1001, 1002, 1003, 1004, 1005, 1006, 1007, 1008, 1009, 1010, 1011, 1012, 1013, 1014, 1015, 1016, 1017, 1020, 1021]}