{"TestCurve": {"Standard": {"MAE": 10.26444801992728, "MSE": 159.5010421342954, "MedianAE": 9.130266461142046, "MeanError": 5.973077612751289, "VarError": 123.82338596634492, "StdError": 11.12759569567231, "VarQ": 0.9428930325010325, "StdQ": 0.9710267928852594, "PearsonR": 0.6306660595327097, "PearsonT": 2267.0654175690447, "PearsonP": 0.0, "SpearmanRs": 0.6455502243200045, "R2": -0.5688243586386219, "EVS": -0.19126180911261423, "D2AE": -0.39187144585158745}, "ByMeanForm": {"Mean": {"MAE": 10.033630219219225, "MSE": 150.5646403175925, "MedianAE": 8.977273029613613, "MeanError": 5.973077612751297, "VarError": 114.8869841496418, "StdError": 10.718534608314785, "VarQ": 0.669031909917198, "StdQ": 0.8179437082814427, "PearsonR": 0.30431847391959643, "PearsonT": 27.847159597580372, "PearsonP": 1.3725793404354576e-162, "SpearmanRs": 0.20523922421229887, "R2": -0.5349126000996804, "EVS": -0.17120114780450946, "D2AE": -0.3780281856527967}, "Form": {"MAE": 2.247241219374643, "MSE": 8.936401816702837, "MedianAE": 1.9197456856566602, "MeanError": -2.553878161580171e-17, "VarError": 8.936401816702839, "StdError": 2.9893815107314152, "VarQ": 1.3042721820929664, "StdQ": 1.1420473642073545, "PearsonR": 0.9562028561923227, "PearsonT": 9113.32621479414, "PearsonP": 0.0, "SpearmanRs": 0.9616325081439019, "R2": -1.4990964102796067, "EVS": -0.7415686453368698, "D2AE": -0.9040399752266723, "FormMAE": 0.05035117129868648, "FormMSE": -0.101422427070251, "FormMAENorm": -0.09509164632961235, "FormMSENorm": -0.41522772024602744}}, "ByMinMax": {"Min": {"MAE": 10.11507334059824, "MSE": 150.11515434672873, "MedianAE": 9.248490053322094, "MeanError": 7.202394532648955, "VarError": 98.24066734279714, "StdError": 9.911643019338275, "VarQ": 0.6664193206367274, "StdQ": 0.8163450989849375, "PearsonR": 0.32668488064853907, "PearsonT": 30.129061690796803, "PearsonP": 1.7512197659361758e-188, "SpearmanRs": 0.24748816015999728, "R2": -0.7313307948966092, "EVS": -0.1330441181768991, "D2AE": -0.499991727548333}, "Max": {"MAE": 10.853455436172577, "MSE": 174.8044431735017, "MedianAE": 9.781036795117515, "MeanError": 5.3125282975074875, "VarError": 146.58148626168392, "StdError": 12.107084135401221, "VarQ": 0.6469117770498086, "StdQ": 0.8043082599661704, "PearsonR": 0.2111788879834382, "PearsonT": 18.832446158491987, "PearsonP": 2.3196902102510178e-77, "SpearmanRs": 0.1363357413404166, "R2": -0.5588967637785163, "EVS": -0.3072059291787088, "D2AE": -0.2745965288033314}}}, "ValiCurve": {"Standard": {"MAE": 2.695937210150897, "MSE": 12.70655770570784, "MedianAE": 2.1330778512838435, "MeanError": 0.06756608458320516, "VarError": 12.701992529921936, "StdError": 3.5639854839662206, "VarQ": 0.9733532678642595, "StdQ": 0.9865866752922722, "PearsonR": 0.9850983085541716, "PearsonT": 15113.851566599627, "PearsonP": 0.0, "SpearmanRs": 0.9833793622688496, "R2": 0.963318893320496, "EVS": 0.9647605950296108, "D2AE": 0.8095434726231303}, "ByMeanForm": {"Mean": {"MAE": 2.183900878355302, "MSE": 8.466268580623868, "MedianAE": 1.6835738208770081, "MeanError": 0.06756608458320516, "VarError": 8.461703404837964, "StdError": 2.9089007210350037, "VarQ": 1.0034467444135535, "StdQ": 1.0017218897546132, "PearsonR": 0.9873235071314842, "PearsonT": 512.8805319474255, "PearsonP": 0.0, "SpearmanRs": 0.9849868447547022, "R2": 0.9745866909644377, "EVS": 0.9746003943122519, "D2AE": 0.8430902163826197}, "Form": {"MAE": 1.518884220890162, "MSE": 4.240289125083971, "MedianAE": 1.2382004485052085, "MeanError": 9.565469331650934e-18, "VarError": 4.240289125083978, "StdError": 2.05919623277724, "VarQ": 0.8691572545420934, "StdQ": 0.9322860368696367, "PearsonR": 0.9788236379778157, "PearsonT": 12617.682639842034, "PearsonP": 0.0, "SpearmanRs": 0.9809222407335972, "R2": 0.6802909074204275, "EVS": 0.7176015085222075, "D2AE": 0.4046517708062642, "FormMAE": 0.47999905096078277, "FormMSE": 0.6742739942443284, "FormMAENorm": 0.286111490872945, "FormMSENorm": 0.3892083534456563}}, "ByMinMax": {"Min": {"MAE": 2.3631505030682787, "MSE": 9.735035181715286, "MedianAE": 1.8666162387298506, "MeanError": -0.890206247496786, "VarError": 8.942568018632977, "StdError": 2.990412683666416, "VarQ": 1.0019387939367723, "StdQ": 1.00096892755808, "PearsonR": 0.983714488191129, "PearsonT": 451.252228166373, "PearsonP": 0.0, "SpearmanRs": 0.9820674401619579, "R2": 0.9645072391708281, "EVS": 0.9673964785992671, "D2AE": 0.8167325756387626}, "Max": {"MAE": 2.913623031530897, "MSE": 13.976726554285989, "MedianAE": 2.3955408088246983, "MeanError": 1.2418520374887967, "VarError": 12.434530071270911, "StdError": 3.526262904445854, "VarQ": 0.9801826517455657, "StdQ": 0.9900417424258261, "PearsonR": 0.9837802963008739, "PearsonT": 452.1894814353243, "PearsonP": 0.0, "SpearmanRs": 0.9800994453766672, "R2": 0.9637889239578434, "EVS": 0.9677844656822595, "D2AE": 0.8097720895180027}}}, "TestRecon": {"Standard": {"MAE": 10.26600506758524, "MSE": 159.5373663590982, "MedianAE": 9.131978265310568, "MeanError": 5.981422433060906, "VarError": 123.75995203637392, "StdError": 11.124745032420918, "VarQ": 0.9435649961314418, "StdQ": 0.9713727380009394, "PearsonR": 0.6307134093982881, "PearsonT": 2267.3480561178485, "PearsonP": 0.0, "SpearmanRs": 0.6456303375952107, "R2": -0.569612743130322, "EVS": -0.19131664390398223, "D2AE": -0.39230793637506045}, "ByMeanForm": {"Mean": {"MAE": 10.03684359477183, "MSE": 150.642153465979, "MedianAE": 8.982426787038293, "MeanError": 5.98142243306091, "VarError": 114.86473914325468, "StdError": 10.71749686929064, "VarQ": 0.669181474655529, "StdQ": 0.8180351304531663, "PearsonR": 0.30435448693566736, "PearsonT": 27.850791430271347, "PearsonP": 1.252070773690494e-162, "SpearmanRs": 0.20528295405705657, "R2": -0.5360461107567069, "EVS": -0.1712361498066786, "D2AE": -0.3786910284298506}, "Form": {"MAE": 2.2403112155854883, "MSE": 8.895212893119187, "MedianAE": 1.9127145224141624, "MeanError": -2.2520362767602065e-17, "VarError": 8.895212893119188, "StdError": 2.9824843491826054, "VarQ": 1.3060444352739107, "StdQ": 1.1428230113512374, "PearsonR": 0.9565005347597948, "PearsonT": 9146.606412258738, "PearsonP": 0.0, "SpearmanRs": 0.9619820859809777, "R2": -1.49175871563419, "EVS": -0.7429700403963784, "D2AE": -0.8985516835356454, "FormMAE": 0.05435710425709112, "FormMSE": -0.09093916498648376, "FormMAENorm": -0.09197287129262968, "FormMSENorm": -0.3975521848824833}}, "ByMinMax": {"Min": {"MAE": 10.118931304890936, "MSE": 150.39396363175743, "MedianAE": 9.260265798949234, "MeanError": 7.236136932719898, "VarError": 98.03228592268452, "StdError": 9.901125487674848, "VarQ": 0.6693772684727143, "StdQ": 0.8181547949335226, "PearsonR": 0.32617180947173063, "PearsonT": 30.07610438376924, "PearsonP": 7.287543220805081e-188, "SpearmanRs": 0.24654305812606184, "R2": -0.7422453033939449, "EVS": -0.13565920868983494, "D2AE": -0.5071668275478538}, "Max": {"MAE": 10.85805043244765, "MSE": 175.06019003164926, "MedianAE": 9.767502439290283, "MeanError": 5.324627887812253, "VarError": 146.70852788798132, "StdError": 12.112329581380344, "VarQ": 0.6453063952619835, "StdQ": 0.8033096509204801, "PearsonR": 0.21175788198969475, "PearsonT": 18.886500047160887, "PearsonP": 8.736036223129671e-78, "SpearmanRs": 0.1362771035642111, "R2": -0.5573032692993902, "EVS": -0.3050920947403797, "D2AE": -0.2749382087885126}}}, "ValiRecon": {"Standard": {"MAE": 2.6926907833242235, "MSE": 12.677500571423234, "MedianAE": 2.1287812055503377, "MeanError": 0.07666526845705522, "VarError": 12.671623008035644, "StdError": 3.5597223217598932, "VarQ": 0.9735550410624334, "StdQ": 0.9866889282151865, "PearsonR": 0.9851312110029525, "PearsonT": 15130.944662265205, "PearsonP": 0.0, "SpearmanRs": 0.9834184250140481, "R2": 0.9634048754064036, "EVS": 0.9647951558788417, "D2AE": 0.8097758514269742}, "ByMeanForm": {"Mean": {"MAE": 2.184285517446235, "MSE": 8.46825876822149, "MedianAE": 1.685100081206663, "MeanError": 0.07666526845705528, "VarError": 8.462381204833898, "StdError": 2.909017223193066,